np_wo	n_languages	n_pairs	raw_accuracy	bad_parse_rate	weighted_accuracy
gn	48	160800	0.887475	0.193825	0.715461
ng	48	160800	0.876971	0.184820	0.714890
